Aachen
Aalborg
Aalen
Aalst
Aarau
Aarhus
ABa
Abbeville
Aberdeen
Aberystwyth
Abha
Abilene
Abingdon
Abington
Abita Springs
Abrantes
Acapulco
Acco
Accra
Accrington
Acton
Acworth
Adairsville
Adak
Adana
Adare
Addis Ababa
Addis-Ababa
Addison
Adelaide
Adelanto
Aden
Adin
Adkins
Adra
Agadir
Agde
AGen
Agoura
Agoura Hills
Agrigento
Agua Caliente
Agua Dulce
Ahmedabad
Ahrensburg
Aichi
Aiea
Aiken
Ainsworth
Airdrie
Airway Heights
AIx
Aix Les Bains
Aix-les-Bains
Aizenberg
Akiak
Akita
Akumal
Akure
Al Khobar
Alamo
Alamogordo
Alanya
Alassio
Albacete
Albany
Albena
Alberobello
Albert Lea
Alberton
Albertville
Albi
Alborg
Albufeira
Albuquerque
Alcaniz
Alcantara
Alcobaca
Alcorcon
Aldershot
Aldie
Alencon
Aleppo
Alesund
Alexandria
Alghero
Algiers
Algona
Algonquin
Alhambra
al-Hoceima
Alicante
Alice Springs
Alief
Aliquippa
Aliso Viejo
Al-khobar
Alkmaar
Allensbach
Allenton
Allentown
Alleppey
Allison Park
Alloway
Allston
Almada
Almagro
Almer
Almere
Almonte
Alnwick
Aloha
Alor Star
Alpaugh
Alpharetta
Alsip
Alston
Alta
Alta Loma
Altadena
Altamonte Springs
Altay
Altea
Altenburg
Alton
Altoona
Altura
Altus
Alviso
Amadora
Amalfi
amaraH
Amarante
Amargosa Valley
Amarillo
Ambato
Amberg
Ambler
Ambleside
Ambon
Amboy
Ambridge
Amelia
American Canyon
Amersfoort
Amherstburg
Amiens
Amissville
Amityville
Amlin
Amman
Amneville
Ampthill
Amritsar
Amstelveen
Amsterdam
Anaheim
Anapa
Anchor Point
Anchorage
Ancona
Andorra la Vella
Andover
Angaston
Angel Fire
Angels Camp
Angelton
Angers
Anghiari
Anglesea
Angleton
Angouleme
Angra
Angra dos Reis
Angwin
Ankara
Ankeny
Ann Arbor
Annandale
Annapolis
Annapolis Junction
Annapolis Royal
Annecy
Annemasse
Anniston
Annville
Ansbach
Anshan
Antalya
Antananarivo
Antequera
Antibes
Antigo
Antigua
Antioch
Antonito
Antrim
Antwerp
Antwerpen
Anzio
Ao Nang
Aosta
Apache Junction
Apeldoorn
Apia
Apple Valley
Appleton
Aptos
Aqaba
Aquileia
Arad
Arbil
Arbroath
Arcachon
Arcadia
Archbald
Archbold
Arcola
Arden hills
Ardmore
Ardsley
Arezzo
Arica
Arklow
Arles
Arley
Arlington
Arlington heights
Armona
Arnhem
Arnold
Aromas
Arosa
Arras
Arroyo Grande
Artesia
Artois
Arundel
Arvada
Arverne
Arvin
Arzew
Asakusa
Ascalon
Ascoli Piceno
Ascona
Ascot
Ascot Park
Ascutney
Ashboro
Ashbourne
Ashburn
Ashdod
Asheboro
Asheville
Ashfield
Ashford
Ashington
asHkelon
Ashland
Ashville
Ashwaubenon
Asmara
Asolo
Aspen Hill
Assen
Assisi
Aston
Astoria
Astrakhan
Atami
Atascadero
Athens
Atherstone
Atherton
Athlone
Athol
ATlanta
Atlantic city
Atrani
Attalla
Atwater
Atwood
Aubagne
Auburn Hills
Auch
Auckland
Augsburg
Augusta
Augustenburg
Auray
Aurich
Aurillac
Austin
Autun
Auxerre
Avallon
Avanos
Avarua
Avellino
Avenal
Avenel
Aventura
Avezzano
Aviemore
Avignon
Avila
Avilla
Avoca
Avon Lake
Avon Park
Avondale
Avondale Estates
Avranches
Axbridge
Axminster
Axum
Ayers rock
Ayia Napa
Aylesbury
Aylmer
ayodhyA
Ayr
Azle
Azusa
Baabda
Babson Park
Babylon
Bacau
Bacolod
Bad Gastein
Bad Harzburg
Bad Homburg
Bad Ragaz
Bad Reichenhall
Baden-baden
Badenweiler
Bagamoyo
Bagan
Baghdad
Bagnolet
Baguio
Bakersfield
Bakersville
Baku
Bala Cynwyd
Bala-Cynwyd
Baldock
Baldwin Park
Baldwinsville
Balingen
Ballater
Ballerup
Ballsbridge
Ballston
Ballwin
Ballycastle
Baltimore
Baltimore MD
Bamako
Bamberg
Bamenda
Banbury
Banchory
Banda Aceh
Bandar-Abbas
Bandon
Bandung
Banff
Bangalore
Bangalow
Bangkok
Bangkok Bangkok
Bangor
Banjul
Bankstown
Banning
Banos
Baoding
Baraboo
Baraga
Barboursville
Barbourville
Barcelona
Bardstown
Bardufoss
Barentsburg
Barga
Bari
Bariloche
Barka
Barkerville
Barking
Barnard Castle
Barnesville
Barnet
Barneveld
Barnsley
Barnstable
Barnstaple
Barnton
Barquisimeto
Barre
Barrow In Furness
Barrow-in-furness
Barstow
Bartica
Bartlesville
Bartlett
Barton
Bartonville
Basalt
Basel
Basildon
Basingstoke
Basking Ridge
Basra
Bassano Del Grappa
Bastia
Bastogne
Bastrop
Batemans Bay
Batesville
Bathgate
Batley
Baton Rouge
Baton-Rouge
Battambang
Batticaloa
Battle Ground
Battle Mountain
Batumi
Bautzen
Bavaro
Baxley
BAy
Bay City
Bay Minette
Bay Point
Bayeux
Bayfield
Bayonne
Bayou La Batre
Bayside
Bayville
Beach Haven
Beallsville
Beattyville
Beaulieu-sur-Mer
Beaumaris
Beaune
Beauvais
Beaver Falls
Beaverton
Beckley
Bedford
Bedford Park
Bedlington
Bedworth
Beech Grove
Beechworth
Beer Sheva
Beersheba
Beersheva
Beeston
Beeville
Begur
BeiJing
Beira
Beirut
Beit Shemesh
Beitbridge
Bejaia
Bekasi
Bel
Bel Air
Bel-Air
Belek
Belem
Belen
Belfast
Belford
Belfort
Belgrade
Belize city
Bell
Bell Gardens
Bella Vista
Bellbrook
Belle Chasse
Belle Fourche
Belle Glade
Belle Vernon
Belleair
Bellefontaine
Bellefonte
Bellemont
Bellerose
Belleview
Belleville
Belley
Bellflower
Bellingham
Bellinzona
Bellmawr
Bellmore
Belluno
Bellville
Bellwood
Belmopan
Belper
Belton
Belville
Benalla
Benalmadena
Benbrook
Bend
Bendigo
Benevento
Bengaluru
Benicia
Benidorm
Bennettsville
Bensalem
Bensenville
Bensheim
Benton Harbor
Bentonville
Beograd
Beppu
Berchem
Berchtesgaden
Berga
Bergdorf
Bergedorf
Bergen
Bergerac
Bergheim
Berkeley
Berkeley Springs
Berkhamsted
Berlin
Bern
Bernalillo
Bernburg
Berndorf
Berne
Bernkastel-Kues
Berrien Springs
Berryville
Berthierville
Berthoud
Berwick
Berwick-upon-tweed
Berwyn
Besancon
Beslan
Bessemer
Bethel Park
Bethlehem
Bethpage
Betton
Bevagna
Bexhill
Bexhill on Sea
Bexhill-On-Sea
Beziers
Bhopal
Bhubaneswar
Bialystok
Biarritz
Bibbiena
Biddeford
Bideford
Biella
Big Spring
Bigfork
Biggar
Biggleswade
Bilbao
Billings
Billund
Biloxi
Bilston
Bilthoven
Bingen
Bingerville
Birchington
Birdsville
Birkenhead
Birmingham
Biscarrosse
Bishop Auckland
Bishopville
Bismarck
Bitburg
Bizerte
Blackpool
Blacksburg
Blacksville
Bladensburg
Blairgowrie
Blairsville
Blandford
Blanes
Blankenburg
Blantyre
Blarney
Bloemfontein
Blois
Bloomington
Blowing Rock
Bloxwich
Blue ash
Blue Bell
Blue Springs
Bluefield
Bluefields
Blytheville
Bnei Brak
Boa Vista
Boalsburg
Boardman
Boblingen
Bobsville
Boca Chica
Bochum
Bodega Bay
Boden
Bodo
Bodrum
Bogalusa
Bognor Regis
Bogor
Bogot
Bogota
Boise
Boksburg
Bolingbrook
Bologna
BOlSoVER
Bolton
Bombay
Boneville
Bonn
Bonner Springs
Bonneville
Bonney Lake
Booneville
Boonsboro
Boothbay Harbor
Boppard
Boquete
Bordentown
Borger
Borth
Bosa
Bossier
Bossier City
Boston
Bothell
Bottrop
Boucherville
Boulder
Bountiful
Bourg
Bourgas
Bourg-en-bresse
Bourges
Bourgoin Jallieu
Bourgoin-jallieu
Bournemouth
Bournville
Bowmanville
Boxford
Bozeman
Bracciano
Bradford
Braga
Braganca
Braintree
Brampton
Branchburg
Brandenburg
Branford
Branson
Brantford
Brantome
Braselton
Brasilia
Brasov
Bratislava
Bratsk
Brattleboro
Bray
Brazzaville
Brea
Brechin
Brecksville
Breda
Breezy Point
Bregenz
Bremen
Bremerhaven
Bremerton
Brenham
Brentford
Brescia
Breslau
Bressanone
Brest
Bretten
Brevard
Brewer
Brewton
Briancon
Briann
Briarcliff Manor
Bridgend
Bridgeport
Bridgeton
Bridgeville
Bridgnorth
Bridgton
Bridgwater
Bridlington
Brig
Brigg
Brighton
Brignoles
Brimfield
Brindisi
Brisbane
Bristol
Brixham
BRno
Broadford
Broadstairs
Brockton
Brockville
Broken Arrow
Broken Hill
Bromma
Bromsgrove
Bronxville
Brook Park
Brookeville
Brookfield
Brookhaven
Brooklin
Brooklyn
Brooksville
Brookville
Broomall
Brown Deer
Browns Mills
Brownsburg
Brownstown
Brownsville
Bruck
Bruges
Brugge
Brunico
Brunsville
Brunswick
Brussel
Bruxelles
Bucarest
Bucyrus
Buda
BudaPest
Bude
Budleigh Salterton
Buellton
Buena Park
Buenos Aires
Buffalo Grove
Buford
Bujumbura
Bukhara
Bulandshahr
Bulawayo
Bullhead City
Buncrana
Bundaberg
Bundoran
Burbank
Burford
Burg
Burgdorf
Burgos
Burkesville
Burkeville
Burkittsville
Burleson
Burley
Burlingame
Burlington
Burnaby
Burnham
Burnie
Burnley
Burns Harbor
Burnsville
Burntwood
Burr Ridge
Bursa
Burton
Burtonsville
Bury
Bury St Edmunds
Bury St. Edmunds
Busan
Busselton
Butler
Butte
Buxton
Buzios
Byblos
Bydgoszcz
Byron Bay
Byron center
Cabarete
Cabo San Lucas
Cabourg
Caceres
Cache
Cadaques
Cadiz
Caen
Caernarfon
Cagliari
Cagnes-sur-Mer
Cahokia
Cahors
Cairns
Cairo
Calais
Calcutta
Calella
Calella de Palafrugell
Calera
Calgary
Calicut
Callander
Callao
Calne
Caloundra
Calpe
Caltagirone
Caltanissetta
Calton
Calw
Camaguey
Camas
Camberley
Cambrai
CamBridge
Cambridge Bay
Camden Wyoming
Camdenton
Cameron Park
Camogli
Camp Hill
Camp Springs
Campbellford
Campbellsville
Campton
Camrose
Canal Winchester
Canberra
Cancale
Cancun
Candia
Canefield
Canmore
Cannes
Cannington
Cannock
Canoga Park
Canonsburg
Canterbury
Canton
Canyon Country
Capaccio
Capbreton
Cape Coast
Cape Coral
Cape Girardeau
Cape town
Cape-Town
Capistrano Beach
capital Harare
Capital Washington
Capitola
Caracas
Carajas
Carcassone
Carcassonne
Carchemish
Cardiff
Carefree
Carencro
Carle Place
Carleton Place
Carletonville
Carlingford
Carlinville
Carlisle
Carlsbad
Carlstadt
Carmarthen
Carmel
Carmel-by-the-Sea
Carnac
Carnarvon
Carol Stream
Carpentersville
Carpentras
Carpinteria
Carrboro
Carrickfergus
Carrollton
Carrolton
Carson city
Cartagena
Cartegena
Cartersville
Carthage
Casablanca
Cascade Locks
Cascais
Caserta
Caseville
Casey
Caseyville
Cashion
Cassis
Cassville
Castaic
Castel San Pietro
Castell
Castellina
Castelo
Castelo Branco
Castiglione della Pescaia
Castine
Castle Cary
Castlebar
Castleford
Castleton
Castres
Castries
Castro Valley
Catamarca
Catania
Catanzaro
Cathlamet
Catonsville
Catskill
Cattolica
Cave Junction
Cave Spring
Cavtat
Cayman
Cedar City
Cedar Grove
Cedar Hill
Cedar Hills
Cedar PArk
Cedar Rapids
Cedarburg
Cedarhurst
Cefalu
Centerton
Centerville
Central Manchester
Centre
Centreville
Cerritos
Cesena
Ceske Budejovice
Cha Am
Cha-Am
Chagrin Falls
Chalkis
Chalmette
Chalons-en-Champagne
Chambersburg
Chambery
Chamblee
Chambord
Chamonix
Champaign-Urbana
Changchun
Changsha
Changwon
Chania
Channelview
Chanute
Chaozhou
Chapmanville
Chappaqua
Chardon
Charleroi
Charleston
Charlestown
Charleville
Charlotte
Charlottenburg
Charlottesville
Charlottetown
Charlton
Chartres
Chaseburg
Chateauroux
Chatellerault
Chatham-Kent
Chattanooga
Chau Doc
Chaumont
Chaves
Cheboksary
Cheektowaga
Chelan
Chelmsford
Cheltenham
Chemainus
Chemnitz
Chengde
Chengdu
Chepachet
Cherry Hill
Cheshunt
Chester
Chesterfield
Chesterville
Chestnut Hill
Chetumal
Cheyenne
Chiang Rai
Chiang Saen
Chicago
Chicago Heights
Chicago Ridge
Chichen Itza
Chichester
Chickasha
Chiclayo
Chicopee
Chicoutimi
Chillicothe
Chimbote
Chino
Chino Hills
Chippewa Falls
Chisinau
Chita
Choibalsan
Cholet
Cholula
Chongqing
Chora
Chorley
Choteau
Christchurch
Christiansted
Chubbuck
Chugiak
Chula Vista
Chur
Churchville
Cincinnati
Circleville
Cirebon
Citrus Heights
City of London
Ciudad Real
Ciudad Victoria
Civitanova Marche
CIz
Clacton
Clairton
Clanton
Clapham
Claremont
Clarenville
Clarksburg
Clarksville
Clearfield
ClearLake
Clearwater Beach
Clementon
CLERMONT ferrand
Clermont-ferrand
Cleveland
Clichy
Clifden
Cliffside Park
Clifton Park
Clitheroe
Clonakilty
Closter
Cluj
Cluj Napoca
Cluj-napoca
Clyde
Clydebank
Coachella
Coalville
Coatbridge
Cobh
Cobourg
Coburg
Cochabamba
Cochin
Cochise
Coffeyville
Cognac
Cohoes
Coimbatore
Coimbra
Cokeville
Colchester
Colebrook
Colesburg
College Park
College Station
Collegeville
Colleyville
Collierville
Collingswood
Collinsville
Collioure
Colmar
Cologne
Coloma
Colorado Springs
Columbus
Colwyn Bay
Como
Compiegne
Compton
Comstock Park
Conakry
Concarneau
Concordville
Conneaut
Connersville
Conshohocken
Constanta
Constantinople
Conyers
Cookeville
Coolangatta
Coolsville
Coon Rapids
Coopersburg
Coopersville
Copenhagen
Copiapo
Copperas Cove
Coquimbo
Coquitlam
Coral Gables
Coral Springs
Coralville
Corby
Cordoba
Corfu
Corinth
Corner Brook
Corona
Corona del Mar
Coronado
Corrales
Coruna
Corvallis
Cos Cob
Cosenza
Costa Mesa
Costa Teguise
Cotati
Cottbus
Council Bluffs
Country Club Hills
Coupeville
Coventry
Covilha
Covina
Covington
Cowansville
Cowbridge
Cowdenbeath
Cozad
Cozumel
Cracow
Craiova
Cramerton
Cramlington
Cranbrook
Cranbury
Cranford
Crans Montana
Crans-montana
Cranston
Crawfordsville
Crawfordville
Crawley
Creede
Creel
Creighton
Cremona
Cresskill
Crested Butte
Crestline
Creswell
Creve Coeur
Crewkerne
Crockett
Crofton
Cromer
Crossville
Croton on Hudson
Crotone
Croton-on-hudson
Crowley
Crown Point
Croydon
Cucuta
Cuddalore
Cuenca
Cuernavaca
Cuiaba
Culiacan
Cullman
Culver city
Cumbernauld
Cupertino
Curacao
Cusco
Cut Bank
Cutler Ridge
Cuttack
Cuyahoga Falls
Cuzco
Cwmbran
Cypress
Da Nang
Dacca
Dadeville
Daegu
Daejeon
Dahab
Dakar
Dalaman
Dalat
Daleville
DaLian
Dalkeith
Dallas
Dallas/Ft
Dallas-Ft
Dalles
Dalmellington
Daly City
Damascus
Dana Point
DaNang
Danbury
Dandenong
Dandong
Dangriga
Dansville
Danvers
Danville
Danzig
Dar Es
DAR ES SAlAAM
Dar-Es-Salaam
Dargaville
Darlington
Darmstadt
Dartford
dArwin
Daugavpils
Dauphin
Daventry
Davie
Davisville
Davos
Dawei
Dawlish
Dawson
Dayton
Dayville
De Kalb
De Land
De Pere
De Soto
Deadwood
DEAl
Dearborn
Deauville
Debrecen
Decatur
Decorah
Dedham
Deer Park
Defiance
Dekalb
Del Valle
Delafield
Delavan
Delft
Delitzsch
Delta Junction
Den Bosch
Den Haag
Den Helder
Deneysville
Denham Springs
Denpasar
Denton
Denver
Denville
Deptford
Derby
Dereham
Deridder
Des Moines
Des Plaines
DeSoto
Detmold
Detroit
Detroit Lakes
Deventer
Devizes
Devonport
Dewas
Dhaka
Diamond Bar
Dibrugarh
Didim
Diego
Dighton
Dijon
Dili
Dinan
Dinant
Dinard
Dingle
Dingwall
Dinuba
Djerba
Dobbs Ferry
Dobsonville
Dodge city
Dodoma
Doesburg
Doha
Dolgellau
Dolton
Domburg
Dominical
Dona Ana
Donaldsonville
Doncaster
Donetsk
DongGuan
Donington
Doraville
Dorchester
Dordrecht
Dormagen
Dornoch
Dortmund
dos Reis
Dothan
Douai
Douglasville
Dover
Downers Grove
Downieville
downtown Buenos Aires
Downtown Chicago
Downtown Cleveland
Downtown Harrisburg
Downtown Johannesburg
Downtown Milwaukee
Downtown Minneapolis
Downtown Nashville
downtown Wilmington
Dracut
Draguignan
Drammen
Dresden
Dresher
Drexel Hill
Driggs
Drogheda
Droitwich
Droylsden
Drummondville
Duarte
Dubach
Dublin
DUBLIN Dublin
DuBois
Dubrovnik
Dudley Park
Duisburg
Dujiangyan
Duluth
Dulverton
Dulzura
Dumaguete
Dumfries
Dunblane
Duncansville
Duncanville
Dundee
Dunedin
Dunfermline
Dungarvan
Dunkeld
Dunkerton
Dunnville
Dunoon
Duns
Dunsmuir
Dunwich
Dunwoody
Durbanville
Durg
Durham
Durnstein
Dushanbe
Dusseldorf
Dutch Harbor
Dyersburg
Eagle Pass
Eagleville
Ealing
Earlville
Easley
East Aurora
East Baton Rouge
East Berlin
East Bridgewater
East Brunswick
East Falmouth
East Grand Forks
East Hampton
East Hartford
East Haven
East Jerusalem
East Lansing
East Liverpool
East London
East Longmeadow
East Moline
East Northport
East Orange
East Palo Alto
East Peoria
East Point
East Ridge
East Syracuse
East Wenatchee
Eastbourne
Eastham
Eastleigh
Easton
Eastpointe
Eastwood
Eatonton
Eatonville
Ebeltoft
Ebensburg
Echuca
Eckville
Ecorse
Eddyville
Ede
Edelstein
Eden Prairie
Edenbridge
Edenburg
Edessa
Edinburg
Edinburgh
Edirne
Edmond
Edmonds
Edmonton
Edmundston
Effingham
Eger
Egham
Egilsstadir
Ehime
Ehrenberg
Eilat
Eilenburg
Eindhoven
Eisenach
Eisenbach
Ekaterinburg
El Aaiun
El Cajon
El Calafate
El Campello
El Centro
El Cerrito
El Dorado
El Dorado Hills
El Gouna
El Jadida
El Mirage
El Monte
El Paso
El Puerto
El Reno
El Segundo
El Toro
El Vendrell
Eldersburg
Elgin
Elizabeth North
Elizabethton
Elk Grove
Elk Grove Village
Elkhart
Elkhorn
Elkins Park
Elko
Elkridge
Elkton
Ellensburg
Ellenville
Ellenwood
Ellicott city
Ellicottville
Ellisville
Ellwangen
Elm Grove
Elmhurst
Elmsford
Elmwood Park
Eloy
Eltham
Eltville
Ely
Elyria
Emeryville
Emmen
Emmetsburg
Emmitsburg
Emsworth
Encinitas
Encino
Enfield
Engelberg
Englewood
Enkhuizen
Enna
Ennis
Enniskillen
Enschede
Ensenada
Enumclaw
Epernay
Ephesus
Ephrata
Epinal
Epping
Epworth
Erbil
Ercolano
Erding
Erenburg
Erfurt
Erie
Erith
Erlangen
Erlanger
Ermington
Erskineville
Erwinville
Erzurum
Es Salaam
Escaldes
Escondido
Espanola
Espoo
Essaouira
Essen
Essex Junction
Estepona
Estes Park
Estoril
Esztergom
Eufaula
EuGeNe
Eureka
Eureka Springs
Euskirchen
Evanston
Evansville
Evergreen Park
Evesham
Evora
Evreux
Evry
Excelsior Springs
Exeter
Exmouth
Exton
Eys
Eze
Faberg
Faenza
Fair Lawn
Fairborn
Fairfield
Fairford
Fairview Heights
Faizabad
Faliraki
Falkirk
Fallbrook
Fallowfield
Falls Church
Fallsburg
Fallston
Falmouth
Fano
Far Rockaway
Fareham
Fargo
Faridabad
Farmers Branch
Farmersville
Farmington
Farmville
Farnham
Farragut
Faversham
Fawley
Fayetteville
Feasterville
Fecamp
Feldkirch
Felgueiras
Felixstowe
Fellbach
Feltre
Fermo
Fern Park
Fernley
Ferrara
Fes
Fethiye
Fez
Figeac
Filey
Findlay
Firebaugh
Firle
Fish Hoek
Fishers
Fishersville
Fitchburg
Fiuggi
Fiumicino
Flagstaff
Flamanville
Flat Rock
Flemingsburg
Flemington
Flint
Florence
Florianopolis
Florissant
Flushing
Foca
Foix
Folsom
Fond Du Lac
Fontana
Foothill Ranch
ForBach
Forde
Fordsburg
Forest Row
Forestville
Forio
Forli
Forres
Fort Bend
Fort Benton
Fort Bragg
Fort Collins
Fort Erie
Fort Lauderdale
Fort Lee
Fort Lupton
Fort Madison
Fort Mcmurray
Fort Mill
Fort Mitchell
Fort Payne
Fort Point
Fort Portal
Fort Smith
Fort St. John
Fort Thomas
Fort Wainwright
Fort Washington
Fort Wayne
Fort William
Fort Worth
Fortaleza
Fort-lauderdale
Fortuna
Fort-Worth
Fountain Valley
Fox Glacier
Foxboro
FOz
Frackville
Framingham
Franceville
Frankenberg
Frankenburg
Frankenmuth
Frankenthal
Frankford
Frankfort
Frankfurt
Franklin Lakes
Franschhoek
Fraserburg
Frechen
Frederica
Fredericksburg
Fredericton
Fredricksburg
Fredrikstad
Freeburg
Freehold
Freeport
Freiburg
Freiburg im Breisgau
Freising
Frejus
Fremantle
Fremont
French Capital
French Riviera
Fresno
Frewville
Fribourg
Friburg
Friday Harbor
Frieburg
Frierson
Frinton
Frisco
Front Royal
Frosinone
Frostburg
Fryeburg
Ft Lauderdale
Ft. Lauderdale
Fuengirola
Fukuoka
Fukushima
Fullerton
Fulton
Funchal
Furore
Fushun
Fussen
FuZhou
Gabes
Gaborone
Gadsden
Gaeta
Gainesville
Gaithersburg
Gakona
Galax
Galena Park
Galesburg
Galesville
Galle
Gallipoli
Gallup
Galveston
Galway
Gananoque
Gander
Gangtok
Ganja
Garachico
Garden city
Garden Grove
Garden Valley
Gardena
Garden-city
Gardendale
Gardenville
Gardnerville
Garoua
Gaspe
Gassville
Gastonia
Gatesville
Gatineau
Gatlinburg
Gdansk
Gedera
Geel
Geelong
Geislingen
Geleen
Gelsenkirchen
Geneseo
Geneva
Geneve
Genk
Genoa
Gent
Gera
Geraldton
Germantown
Germiston
Getzville
Geyserville
Ghent
Gibbsboro
Gibsonburg
Gibsonville
Gifu
Gig Harbor
Gila Bend
Gilberton
Gilford
Gilroy
Girdwood
Girne
Girona
Gisenyi
Gjirokastra
Glace Bay
Gladesville
Glasgow
Glassboro
Glastonbury
Glen Allen
Glen Burnie
Glen Cove
Glen Ellyn
Glenarden
Glenburn
Glendale
Glendive
Glendora
Glenfarg
Glenfield
Glennville
Glenorchy
Glens Falls
Glenside
Glenview
Glenville
Glenwood Springs
Glocester
Glostrup
Gloucester
Gloversville
Gmunden
Gocek
Godalming
Godesberg
Godthab
Goerlitz
Goeteborg
Gold Hill
Golden Grove
Golden Sands
Goleta
Golfito
Gomel
Gonaives
Gonville
Goodlettsville
GoodYear
Goondiwindi
Goose Bay
Gorey
Gorleston
Gosford
Gosforth
Gosier
Goslar
Gotha
Gotham
Gothenburg
Gottingen
Graaff Reinet
Graaff-Reinet
Graceville
Grado
Grain Valley
Gramado
Granada
Granada Hills
Granbury
Grand Bay
Grand Cayman
Grand Forks
Grand Island
Grand Junction
Grand Prairie
Grand Rapids
Grand Turk
Grande Prairie
Grandville
Grangeville
Granton
Grants Pass
Grantsburg
Grantsville
Grapevine
Grasonville
Grass Valley
Grasse
Grassington
Grayslake
Graysville
Grayville
Graz
Great Bend
Great Neck
Greater Boston
Greater Orlando
Greater Toronto
Greater Vancouver
Green bay
Greenburg
Greeneville
Greenock
Greensburg
Greenville
Greenwith
Greifswald
Grenada
Grenoble
Gresham
Gretna
Greville
Greystones
Griffin
Grodno
Grosseto
Grove City
Grozny
Gtingen
Guadalajara
Guadix
Guangzhou
Guarda
Guasti
Guayaquil
Gubbio
Guerneville
Guildford
Guilin
Guiyang
Guizhou
Gulberg
Gulf Shores
Gulfport
Gunma
Gunnison
Guntersville
Guymon
Gwalior
Gweru
Gwynn Oak
Gy
Gyor
Ha Noi
haaN
Haarlem
Habana
Hacienda Heights
Hackensack
Hackham West
Haddington
Haddonfield
Hadley
Hagerstown
Hague
Hai Phong
Haifa
HAIkou
Hainburg
Hakone
Halabja
Halberstadt
Halden
Haleiwa
Halesowen
Halesworth
Haleyville
Half Moon Bay
Hallett Cove
Hallettsville
Hallsville
Hama
Hamamatsu
Hamar
Hambourg
Hamburg
Hamburg Harburg
Hamden
Hameln
Hamersville
Hamina
Hammamet
Hammelburg
HammerFest
Hammond
Hammonton
Hampden
Hampstead
Hampton
Hamtramck
Hanapepe
Handan
Hanford
Hangzhou
Hannover
Hanoi
Hanover
Hanover Park
Hapeville
Happyville
Harahan
Harar
Harare
Harbin
Harbor City
Harburg
Hardeeville
Hardinsburg
Hardyville
Harfleur
Harford
Harlech
Harleysville
Harlingen
Harlington
Harper 's Ferry
Harper Woods
Harpers Ferry
Harpursville
Harran
Harrisburg
Harrismith
Harrisonburg
Harrisville
Harrodsburg
Harrogate
Hartford
Hartland
Hartly
Hartsville
Hartville
Hartwell
Harvey
Harwood Heights
Hasselt
Hatay
Hatboro
Hatfield
Hattiesburg
Hauppauge
Havana
Havant
Havelock
Haverfordwest
Haverhill
Havre
Hawaiian Gardens
Hawesville
Hawkinsville
Hayesville
Haynesville
Haysville
Hazel Park
Hazelwood
Hazen
Hazyview
Healesville
Heber
Heber Springs
Hebron
Hechingen
Hedgesville
Heerenveen
Heerlen
Hefei
Heidelburg
Heidenheim
Heidleberg
Heiloo
Heilsberg
Helen
Heliopolis
Helmsley
Helsingoer
Helsinki
Helston
Hemel Hempstead
Hemet
Hempstead
Hendaye
Hendersonville
Hengelo
Hengyang
Henley
Henniker
Henryville
Heraklion
Herculaneum
Heredia
Herford
Herington
Hermannsburg
Hermiston
Hermopolis
Hermosillo
Hernando
Herne Bay
Herning
Herrenberg
Hertford
Hervey Bay
Herzberg
Hesperia
Hessle
Hesston
Hettinger
Heworth
Hexham
Heysham
Hezhou
Hialeah
Hicksville
Hierapolis
High Wycombe
Highland Park
Highlands Ranch
Higuey
Hilden
Hildesheim
Hilla
Hillburg
Hilldale
Hillegom
Hillenburg
Hilleroed
Hillsboro
Hillsville
Hillview
HiLo
Hilversum
Himeji
Hinesburg
Hingham
Hiroshima
Hixson
Ho Chi Minh
Hoboken
Hockenheim
Hockessin
Hoedspruit
HOf
Hoffman Estates
Hogansville
Hohhot
Hoi
Hoi An
Holden
Holdrege
Holguin
Holladay
Hollidaysburg
Holly Springs
Holtsville
Holyhead
Holyoke
Homberg
Homburg
Home Counties
Homs
Honiton
Honolulu
Hoorn
Hooversville
Hope Valley
Hopkinsville
Hopton
Hoquiam
Horley
Horsens
Houma
Hounslow
Houston
Hout Bay
Hove
Howick
Howth
Hoylake
Hsinchu
Hua Hin
Hua-Hin
Huatulco
Huber Heights
Hue
Huenenberg
Huesca
Hull
Humble
Humboldt
Hunstanton
Hunt Valley
Huntersville
Huntington
Huntington Station
Huntington Woods
Huntly
Huntsville
Huonville
Hurghada
Hurstville
Husum
Hutchinson
Hutto
Hvar
Hyeres
Hyogo
Hythe
Iasi
Ibaraki
Ibiza
Idabel
Idaho Falls
Idyllwild
Ieper
Ijburg
Ilsington
Imatra
Imola
Imperial Beach
Imphal
Incheon
Indianapolis
Indore
Ingle Farm
Inglewood
Inhambane
Inkster
Innsbruck
Interlaken
International Falls
Inverness
Iowa city
Ipswich
Iquique
Iquitos
Irmo
Irun
Irvine
Irvington
Isleton
Isleworth
Issaquah
Istanbul
iTea
Ithaca
Ivybridge
Iwate
Izmir
Izmit
Jackson
Jackson Heights
Jacmel
Jaco
Jaffa
Jaipur
Jakarta
Jalapa
Jamaica Plain
Jamesville
Janesville
Javea
Jea
Jeddah
Jefferson city
Jeffersonville
Jenin
Jenison
Jericho
Jersey city
Jerseyville
Jerusalem
Jesi
Jessheim
Jessup
Jiangmen
Jilin
Jinan
Jingdezhen
Jiujiang
Joburg
Jodhpur
Joensuu
Johannesberg
JOHANnESBURG
Johnson City
Johnsonville
Johnston
Johnstown
Johor Bahru
Joliet
Jonesboro
Jonestown
Joplin
Joshua tree
Jounieh
Junagadh
Juneau
Jyvaskyla
Kagawa
Kagoshima
Kahului
KaiFeng
Kaikoura
Kailua
Kailua-Kona
Kalamata
Kalispell
Kamakura
Kamloops
Kampala
Kampen
Kanab
Kanata
Kaneohe
Kankakee
Kansas City
Kapfenberg
Kapolei
Karachi
Karasjok
Karlsruhe
KAs
Kassel
Kastro
Katerini
Katmandu
Katoomba
Katowice
Kaula Lumpur
Kaunas
Kaysville
Keansburg
Kecskemet
Keelung
Keighley
Keizer
Kelkheim
Kelowna
Kelseyville
Kemer
Kemi
Kempton Park
Kemptville
Kenai
Kenansville
Kendallville
Kenmare
Kennebunk
Kennebunkport
Kenner
Kennesaw
Kennett Square
Kennewick
Kennington
Kenora
Kensington
Kentfield
Kenton
Kentville
Kentwood
Kernersville
Kernville
Kettle Falls
Kew
Kew Gardens
Khao Lak
Kidlington
Kielce
Kiev
Killarney
Killeen
Killingworth
Killorglin
Kilmarnock
Kimberley
Kings Lynn
Kings Mountain
Kingsbridge
Kingsburg
Kingscote
Kingsport
Kingston
Kingston Springs
Kingston upon Hull
Kingsville
Kingswinford
Kington
Kingwood
Kinsale
Kinsgton
Kinshasa
Kirbyville
Kirkcaldy
Kirkcudbright
Kirkham
Kirksville
Kirkville
Kirkwood
Kiruna
Kisarazu
Kishinev
Kismayo
Kissimmee
Kista
Kisumu
Kitakyushu
Kitchener
Kitimat
Kittanning
Kittery
Kittila
Kitzbuehel
Kitzbuhel
Klagenfurt
Klaipeda
Klamath Falls
Kleinburg
Kleve
Kn
Knossos
Knoxville
Knutsford
Kobe
Kochi
Koeln
Koenigsburg
Kokomo
Kokstad
Kokura
Kolberg
Kolding
Kolkata
Kongsberg
Konigsberg
Kortrijk
Kotor
Kovalam
Krakow
Kranenburg
Krefeld
Krems
Kreuzberg
Kristiansand
Krk
Kronberg
Kronenburg
Kuala Lumpur
Kuantan
Kuching
Kufstein
Kula
Kulmbach
Kumamoto
Kumasi
Kunia
KunMing
Kunshan
Kuqa
Kuressaare
Kusadasi
Kuta
Kutch
Kutna Hora
Kutztown
Kuwait city
Kwangju
Kyoto
L.a.
La Baule
La Canada Flintridge
La Canada-Flintridge
La Chaux-de-Fonds
La Ciotat
La Coruna
La Crescenta
La Crosse
La Gomera
La Grande
La Grande Motte
La Grande-motte
La Grange
La Guaira
La Habana
La Habra
La Jolla
La Manga
La Marsa
La Mesa
La Mirada
La Morra
La Palma
La Piedad
La Place
La Porte
La Puente
La Quinta
La Rioja
La Rochelle
La Romana
La Serena
La Verne
Lacanau
Lacey
Laconia
Ladenburg
Ladera Ranch
Ladson
Lady Lake
Ladybank
Ladysmith
Lagos
Laguna Beach
Laguna Hills
Laguna Niguel
Laguna Woods
Lahaina
Lahinch
Lahore
Lahr
Laie
Lake Elsinore
Lake Grove
Lake Oswego
Lake Wales
Lakeview
Lakewood
Lambertville
Lamego
Lamesa
Lampang
Lancaster
Lanciano
Landenberg
Landshut
Lanesboro
Lanesville
Lanett
Langebaan
Langen
Langesund
Langford
Langhorne
Langley Park
Langton
Lanham
Lankford
Lanshan
Lansing
Lantzville
Lanzhou
Laoag
Laon
LaPlace
Laporte
Laramie
Larchmont
Laredo
Largs
Larissa
Larnaca
Las Animas
Las Cruces
Las Rozas
Las Vegas
Las-vegas
Latakia
Latham
Latina
Lauderdale Lakes
Lauderdale-by-the-Sea
Lauderhill
Lauenburg
Laughlin
Launceston
Laurinburg
Lausanne
Laveen
Lavington
Lawford
Lawndale
Lawrenceburg
Lawton
Laxenburg
Layton
Le Lavandou
Le N
le Touquet
Leadville
Leamington
Leamington Spa
Leander
Leavenworth
Leawood
Lecce
Lecco
Leck
Ledgewood
Leeds
Leek
Leer
Lees Summit
Leesburg
Leeuwarden
Leganes
Leh
Lehigh Acres
Leighton Buzzard
Leipzig
Leiston
Leitchfield
Lelystad
Lemberg
Lemgo
Lemon Grove
Lenexa
Leoben
Leominster
Leonberg
Leopoldville
Les Cayes
Letchworth
Letterkenny
Leuven
Levanto
Leverkusen
Levoca
Lewes
Lewis Center
Lewisburg
Lewisham
Lewiston
Lewisville
Lexington
Lexington Park
Leysin
Lhasa
Lhassa
Lhi
Lhokseumawe
Libertyville
Lichfield
Lichtenburg
Lidice
Lidkoping
Liege
Lienz
Lier
Liestal
Lifford
Lijiang
Lille
Lillehammer
Lillington
Lima
Limassol
Limbe
Limelette
Limerick
Limoges
Limon
Linares
Lincolnton
Lincolnville
Lincolnwood
Lindau
Lindeman
Lindenhurst
Lindon
Lindos
Lineville
Linkoping
Linlithgow
Linville
Linz
Lipari
Lisbon
Lisburn
Listowel
Little Chute
Little rock
Littleton
Livermore
Liverpool
Livingston
Livonia
Ljubljana
Llanview
Lloret de Mar
Locarno
Loches
Lockerbie
Lockport
Lockridge
Lodi
Lodz
Loganville
Logro
Logrono
Lombard
Lomita
Lompoc
London
London Heathrow
London London
London-Heathrow
Long Eaton
Longbridge
Longford
Longmont
Longton
Longueuil
Longview
Lonoke
Looe
Loomis
Lorain
Lordsburg
Lorne
LOs
Los Alamitos
Los Angeles
Los Angles
Los Banos
Los Gatos
Los Lunas
Los Mochis
Los Olivos
Los Osos
Los-Angeles
Lostwithiel
Loudon
Loudonville
Louisbourg
Louisburg
Louiseville
Louisville
Lousiville
Lousville
Loutraki
Loveland
Loviisa
Lovington
Lower Hutt
Lowestoft
Luanda
Luang Prabang
Lubbock
Lublin
Lucca
Lucena
Lucera
Lucerne
Lucknow
Ludhiana
Ludlow
Ludwigshafen
Luebeck
Lueneburg
LUgano
Lugansk
Lumberton
Luneburg
Lunenberg
Luneville
Luoyang
Lusaka
Lutherville
Lutterworth
Lviv
Lydenburg
Lydney
Lyme Regis
Lynbrook
Lynchburg
Lyndhurst
Lyndonville
Lynmouth
Lynnfield
Lynnwood
Lynton
Lynwood
Lyon
Maastricht
Mableton
Macae
Macapa
Macclesfield
MAceio
Machu Picchu
Machynlleth
Macomb
Macon
Madeira Beach
Madrid
Madrid MADRID
Madurai
Mae Hong Son
Mae Sot
Magdeburg
Maggie Valley
Mahebourg
Maida Vale
Maidstone
MAIduguri
Maineville
Mainz
Majorca
Majuro
Malaga
Malahide
Malanville
Malcesine
Malden
Maldon
Maleny
Mallorca
Malmo
Malvern
Mamoudzou
Manado
Managua
Manaus
Manavgat
Manchester
Mandeville
Mangere
Manhattan
Manila
Manistee
Manitou Springs
Manizales
Mankato
Mannheim
Mannville
Manteca
Manteo
Mantova
Manukau
Manville
Manzanillo
Maple Ridge
Maple Valley
Mapleton
Maputo
Mar Del Plata
Maracaibo
Maracay
Marana
Marbach
Marbella
Marble Falls
Mardin
Marengo
Margao
Marianske Lazne
Maricopa
Marienburg
Marietta
Marin
Marina
Marion
Market Harborough
Marksville
Marlow
Marlton
Marmaris
Marostica
Marrakech
Marrickville
Marsa Alam
Marseille
Marshfield
Marston
Marthas Vineyard
Martigny
Martinsburg
Marton
Marugame
Maryport
Marysville
Maryville
Mashad
Mashhad
Masonville
Maspalomas
Massapequa Park
Matala
Matamoros
Matara
Mataram
Matera
Matsue
Matteson
Mattoon
Maubeuge
Maumelle
Mawson
Mayersville
Mayfield
Maynooth
Mays Landing
Maysville
Mayville
Maywood
Mazara del Vallo
Mazarron
Mazatlan
Mbabane
McAlester
McALLEN
McComb
McGaheysville
MChenry
Mckeesport
McKinleyville
McLeansville
McMINNVILLE
McMurdo
Meaux
Mechanicsburg
Mechanicsville
Mechelen
Medan
Medellin
Medford
Medicine Hat
Medina
Medora
Meerut
Megara
Megiddo
Mehlville
Meiringen
Meknes
Melbourne
Melk
Mellieha
Melrose Park
Melton Mowbray
Melville
Memmingen
Memphis
Menasha
Mende
Mendocino
Menifee
Menlo Park
Menominee
Menomonee Falls
Menomonie
Menorca
Mequon
Meran
Merano
Meraux
Merca
Merced
Merchantville
Merida
Meridianville
Merriam
Merrillville
Merryville
Mersin
Mesa
Mesilla
Messina
Mestre
Metairie
Methuen
Metz
Mexicali
Mexico city
Miami beach
Miami Gardens
Miamisburg
Miamiville
Mianyang
Michigan city
Middelburg
Middleboro
Middleburg
Middleburg Heights
Middlesboro
Middletown
Midland
Midleton
Milan
Milano
Milazzo
Milbridge
Mildura
Milesburg
Miletus
Milford
Mililani
Mill Valley
Millau
Millbrae
Millbrook
Millburn
Milledgeville
Millersville
Millinocket
Millville
Milpitas
Milton Keynes
Milwaukee
Minden
Minehead
Mineola
Minersville
Minneapolis
Minneapolis/St Paul
Minneapolis-St Paul
Minot
Minsk
Mint Hill
Miraflores
Miramar
Mirepoix
Mirfield
Mishawaka
Miskolc
Mission Hills
Mission Viejo
Missoula
Mitcham
Mitford
Mito
Mitrovica
Miyagi
Miyazaki
Mobile
Mocksville
Modesto
Modica
Mogadishu
Mohammedia
Mojacar
Mokpo
Moline
Molsheim
Molyvos
Mombasa
Mombassa
Monastir
Moncks Corner
Moncton
Monett
Monheim
Monmouth
Monopoli
Monroeville
Monrovia
MONs
Mont Tremblant
Montauban
Montclair
Montebello
Montego Bay
Montelimar
Monterrey
Montevideo
Montpellier
Montr al
Montreal
Montreuil
Montreux
Montrose
Mont-Tremblant
Montvale
Montville
Monville
Monza
Moorestown
Mooresville
Moorpark
Moosburg
Moose Jaw
Mopti
Moraira
Morden
Morecambe
Morehead
Morelia
Moreno Valley
Morgan Hill
Morgantown
Morges
Morioka
Morlaix
Mornington
Morpeth
Morrilton
Morrinsville
Morriston
Morristown
Morrisville
Morton
Morton Grove
Moscow
Moshi
Moss Point
Mossville
Mostar
Moston
Mosul
Motovun
Mougins
Moulins
Mount Airy
Mount Carmel
Mount Clemens
Mount Dora
Mount Holly
Mount Laurel
Mount Maunganui
Mount Morris
Mount Prospect
Mount Sterling
Mount Vernon
Mountain Home
Mountain View
Mountlake Terrace
Moville
Mster
Mt
Mt Isa
Mudville
Muenchen
Muizenberg
Mukilteo
Mulheim
Mulhouse
Mumbai
Muncie
Mundelein
Munich
Murcia
Murfreesboro
Murphysboro
Murrieta
Muscatine
Muskegon
Muskogee
Musselburgh
MUZAFFaRABAD
Mystic
Mytilini
Naarden
Nacogdoches
Nadi
Naestved
Nagano
Nagasaki
Nagoya
Naha
Nailsea
Nairn
Nairobi
Najaf
Nampa
Namur
Nancy
NanJing
NanKing
Nanning
Nantes
Nantwich
nAPA
Naperville
Napier
Naples
narA
Narberth
Narva
Nashua
Nashville
Nassau
Natchez
Natchitoches
Natick
Naumburg
Nauvoo
Navan
Navi Mumbai
Nay Pyi Taw
Nazca
Ndjamena
N'djamena
Ndola
Neapolis
Needville
Negombo
Neiva
Nelsonville
Nelspruit
Neu Isenburg
Neuberg
Neubrandenburg
Neuchatel
Nevers
Nevis
Nevsehir
New Albany
New Bedford
New Berlin
New Bern
New Brighton
New Castle
New Dehli
New Delhi
New Haven
New Iberia
New Market
New Martinsville
New orleans
NEW Philadelphia
New Richmond
New Ross
New Ulm
New Westminster
New York city
Newark
Newberg
Newberry
Newbridge
Newburgh
NEWcastle
Newcastle on Tyne
Newcastle under Lyme
Newcastle upon Tyne
Newcastle-on-tyne
Newcastle-under-lyme
Newcastle-Upon-Tyne
New-delhi
Newhall
Newington
Newman Lake
Newnan
NewOrleans
New-Orleans
Newport
Newport Coast
Newport News
Newquay
Newry
Newton Abbot
Newton Aycliffe
Newtonville
Newtown
Nha Trang
Niagara falls
Nicosia
Nieuwegein
Nijmegen
Nimes
NiN
Ningbo
Nis
Nisku
Nitra
Nixa
Noblesville
NOGales
Nokesville
Nome
Norberg
Norcross
Normanton
Normanville
Norridge
Norrkoping
North Adams
North Attleboro
North Augusta
North Battleford
North Bay
North Berwick
North Branford
North Brighton
North Brunswick
North Charleston
North Chatham
North Chicago
North Conway
North Dartmouth
North Easton
North Hampton
North Haven
North Hills
North Huntington
North Kingston
North Las Vegas
North Lauderdale
North Little Rock
North Metro
North Miami
North Olmsted
North Plains
North Smithfield
North Stonington
North Wilkesboro
North Wilmington
Northallerton
Northampton
Northbrook
Northlake
Northridge
Northville
NorthWest Territories
Norton
Norwalk
Norwich
Notodden
Nottingham
NOUaKCHOTT
Novato
Nove Zamky
Novi
Novi Sad
Nuernberg
Nuevo Laredo
Nuku'alofa
Nuremberg
Nuremburg
Nurenburg
Nuriootpa
Nurnberg
Nuweiba
Nyala
Nyc
Nyc.
nYe
Nyiregyhaza
Nykoping
Nyon
O Fallon
O Grove
Oak Brook
Oak Harbor
Oak Hill
Oak Hills
Oak Lawn
Oak Park
Oak Ridge
Oakhurst
Oakland
Oakland Park
Oakley
Oakridge
Oakville
Oban
Oberammergau
Oceanside
Oconomowoc
Odense
Odenton
Odesa
Odessa
O'Fallon
Offenbach
Offenburg
Ogdensburg
Ogunquit
Ohiopyle
Oia
Oistins
Oita
Ojai
Okayama
Okazaki
Okehampton
Oklahoma city
Olathe
Old Saybrook
Old Westbury
Oldenberg
Oldsmar
Olean
Olhao
Olinda
Oliva
Ollantaytambo
Olney
Olomouc
Olsztyn
Olten
Omaha
Onomichi
Opelika
Oporto
Oradea
Oral
Orange
Orangeburg
Orangeville
Oranienburg
Oranjestad
Orchard Park
Orebic
Oregon city
Orenburg
Orford
Orfordville
Orinda
Oristano
Orland Park
Orlando
Orleans
Ormond Beach
Oro Valley
Oroville
Orrville
Ortonville
Osaka
Oshkosh
Oskaloosa
Oslo
Ossining
Osterville
Oswestry
Otaru
Otavalo
Otley
Otranto
Otta
Ottawa
Ottumwa
Ouagadougou
Ouarzazate
Oudtshoorn
Oulton
Oulu
Ouray
Ouro Preto
Overland Park
Oviedo
Owen Sound
Owensboro
Owings Mills
Owingsville
Oxnard
Ozark
Paarl
Pachuca
Pacific Grove
Pacific Palisades
Pacifica
Pacoima
Padang
Padua
Paducah
Pago Pago
Pagosa Springs
Pahrump
Paimpol
Painesville
Pakse
Palanga
Palatine
Paldiski
Palenville
Palermo
Palm Harbor
Palm Springs
Palma
Palmanova
Palmdale
Palmer
Palmerston North
Palmerton
Palmyra
Palo Alto
Palos Verdes
Palos Verdes Peninsula
Pamplona
Panaji
Pangnirtung
Panipat
Papeete
Paphos
Paradise Valley
Paragould
Paramus
Paris
Park City
Park Hills
Park Rapids
Park Ridge
Parkersburg
Parksville
Parkville
Parma
Paro
Parramatta
Parsippany
Parys
Pasadena
Paso Robles
Passo Fundo
Patchogue
Pathankot
Pathein
Patna
Patras
Pattaya
Patzcuaro
Pau
Pauls Valley
Paulsboro
Paw Paw
Paw-Paw
Pawtucket
Paynesville
Payson
Pearl City
Pearland
PECs
Peebles
Peine
Pekanbaru
Pekin
Peking
Pelham
Pelion
Pelzer
Pemba
Penafiel
Penarth
Pendleton
Penfield
Peniche
Pennsville
Penrith
Pensacola
Penticton
Peoria
Perigueux
Perm
Perpignan
Perris
Perryville
Perth
Perugia
Pescadero
Pescara
Peshawar
Pessac
Petal
Petaling Jaya
Petaluma
Peterborough
Peterburg
Peterhead
Petersburg
Petersfield
Petersham
Petionville
Petion-Ville
Petoskey
Petrich
Pewaukee
Pezenas
Pflugerville
Pforzheim
Phan Thiet
Pharr
Philadelphia
Phillipsburg
Philly
Phnom Penh
Phoenix
Phoenix Area
Phoenix-area
Phoenixville
Phuket
Piacenza
Pickerington
Pico Rivera
Picton
Pienza
Pietermaritzburg
Pietersburg
Pietrasanta
Pikesville
Pikeville
Pilsen
Pine Bluff
Pinellas Park
Pinetop
Pineville
Pingyao
Pinole
Pioche
Piran
Pirna
Pisa
Piscataway
Pisco
Pistoia
Pitea
Pitlochry
Pittsboro
Pittsburg
Pittsburgh
Pittsfield
Pittsford
Pittston
Piura
Pizzo
Placentia
Placer
Placerville
Plainfield
Plainview
Plano
Plaquemine
Platteville
Plauen
Playa Del Rey
Pleasant Grove
Pleasantville
Plettenberg Bay
Pleven
Plovdiv
Plzen
Pnu
Pocatello
Podunkville
Pohang
Point Hope
Pointe-a-pitre
Pointe-noire
Poitiers
Pokhara
pOlis
Polokwane
Poltava
Pomona
Pomorie
Pompei
Ponferrada
Pontedera
Pontefract
Pontianak
Pontivy
Poplar Bluff
Poplarville
Poppi
Pore
Port Alfred
Port Allen
Port Angeles
Port Antonio
Port Arthur
Port Blair
Port Clinton
Port Elizabeth
Port Ellen
Port Gibson
Port Harcourt
Port Hope
Port Jervis
Port Louis
Port Macquarie
Port Moresby
Port Orange
Port Orchard
Port Richey
Port Said
Port Sudan
Port Villa
Port Washington
Portarlington
Portbury
Port-Elizabeth
Porterville
Porthcawl
Porthmadog
PortLand
Portlaoise
Port-Louis
Portmore
Porto
Porto Novo
Porto Santo Stefano
Porto Torres
Porto Vecchio
Porto Velho
Portobelo
Portofino
Portola Valley
Portoro
Portoroz
Portrush
portSMOUTH
Porvoo
Posadas
Posen
Positano
Post Falls
Postville
Potchefstroom
Potenza
Potosi
Potsdam
Potters Bar
Potterville
Pottsville
Poughkeepsie
Poulsbo
Pourville
Poway
Poznan
Prague
Prato
Prattville
Prescot
Prescott
Prescott Valley
Pressburg
Pretoria
Primorsk
Prineville
Prishtina
Pristina
Prizren
Progreso
Propriano
Providence
Provo
Pskov
Pucon
Pudsey
Puebla
Pueblo
Puerto
Puerto Barrios
Puerto Cabello
Puerto Cabezas
Puerto Cortes
Puerto Escondido
Puerto Madryn
Puerto Maldonado
Puerto Montt
Puerto Morelos
Puerto Natales
Puerto Penasco
Puerto Plata
Puerto Pollensa
Puerto Princesa
Puerto Vallarta
Puerto Viejo
Pula
Punakha
Pune
Punta
Punta Cana
Punta Del Este
Puri
Purmerend
Purvis
Pusan
PutraJaya
Puyallup
Pyay
Pylesville
Pylos
Pyongyang
Pyrgos
Qingdao
Qingyang
Quebec city
Queens
Queenstown
Quepos
Quetta
Quetzaltenango
Qufu
Quiberon
Quilmes
Quimper
Quincy
Quito
Rabat
Radcliff
Raeford
Ragusa
Rahway
Rajahmundry
Raleigh
Ramat Gan
Ramelton
Ramona
Ramsgate
Ranchi
Rancho Bernardo
Rancho Cordova
Rancho Cucamonga
Rancho Mirage
Rancho Palos Verdes
Rancho Santa Margarita
Randazzo
Randburg
Randers
Rangeley
Rankin Inlet
Rapallo
Rapid City
Rathdrum
Ratingen
Rauma
Ravenna
Rawalpindi
Rawsonville
Raymondville
Recife
Red Bluff
Red Lodge
Redan
Redcar
Redding
Redditch
Redmond
Reedsburg
Reedville
Regensburg
Reggio
Reggio Emilia
Reidsville
Reims
Remagen
Rennes
Reno
Reseda
Reston
Retford
Rethymno
Reus
Revelstoke
Rexburg
Reykjavik
Reynoldsburg
Reynosa
Rheims
Rhodes
Rhodos
Ribe
Ribeauville
Ribeirao Preto
Riccione
Richburg
Richmond
Richmond Heights
Rickmansworth
Ridgecrest
Ridgehaven
Ridgewood
Riga
Rigby
Rijeka
Rimini
Rimouski
Rindge
Ringgold
Ringwood
Rio
Rio Branco
RIo de Janeiro
Rio Gallegos
Rio Rancho
Rio Rico
Ripley
Ripon
Rishon LeTzion
Ritzville
Riva del Garda
Riverdale
Riversdale
Riverton
Riviera
Rize
Rizhao
Roanoke
Roanoke Rapids
Robstown
Rochester
Rochford
Rock Hill
Rock Springs
Rockdale
Rocketville
Rockford
Rocklin
Rockville
Rockwall
Rocky Mount
Roermond
Roeros
Rohnert Park
Rolesville
Rolla
ROMe
Romeoville
Ronda
ROROs
Rosario
Rosarito
Roseau
Roseburg
Rosemead
Rosetta
Rosettenville
Roskilde
Roslyn
Rossville
Rostov-on-don
Roswell
Rotenburg
Rothenberg
Rothenburg
Rotherham
Rothesay
Rotorua
Rottenburg
Rotterdam
Rottweil
Roubaix
Rouen
Round rock
Rousse
Rovaniemi
Rovereto
Rovno
Rowland Heights
Rowlett
Rowville
Roxboro
Royal Leamington Spa
Royal Oak
Royal Tunbridge Wells
Royan
Rudesheim
Rugeley
Ruidoso
Ruidoso Downs
Ruleville
Rumford
Runaway Bay
Runcorn
Rushford
Russellville
Rustenburg
Ruston
Rzeszow
Saarbrucken
Sabrosa
Sacramento
Sacred Valley
Sacrofano
Saddle River
Safed
Safety Harbor
Safford
Saffron Walden
Safi
Sag Harbor
Saga
Saginaw
SaiGon
Saint Albans
Saint Andrews
Saint Barthelemy
Saint Brieuc
Saint Denis
Saint Emilion
Saint Gallen
Saint Louis
Saint Malo
Saint Omer
Saint Ouen
Saint Peters
Saint Petersburg
Saint Quentin
Saint Raphael
Saint Tropez
sainT-albanS
Saint-Denis
Saintes
Saint-Louis
Saint-Malo
Saint-Omer
Saint-Ouen
Saint-petersburg
Saint-Quentin
Saitama
Sakhalin
Salamanca
Saldanha Bay
Salem
Salemi
Salerno
Salina
Salinas
Salisbury
Salisbury Park
Salo
Salonika
SALou
Salt Lake
Salt Lake city
Salta
Saltash
Saltburn-by-the-Sea
Saltillo
Salzberg
Salzburg
Samara
Samarra
Samos
San Andreas
San Angelo
San Anselmo
San Antonio
San Bruno
SAn Diego
San Fernando
San Fernando Valley
SAn Francisco
San Fransisco
San Gimignano
San Giovanni Rotondo
San Gwann
San Ignacio
San Isidro
San Jos
San Juan Capistrano
San Leandro
San Louis Obispo
San Luis Obispo
San Marcos
San Martin
San Miguel
San Miniato
San Pedro
San Sebastian
San Simeon
San Tropez
San Vicente
San Ysidro
Sana
Sana'a
San-antonio
Sand Springs
Sandakan
Sandanski
Sandbach
Sandford
San-Diego
Sandown
Sandringham
Sandton
Sandusky
Sandwich
Sandy Springs
San-Francisco
Sanliurfa
Sanlucar de Barrameda
Sanremo
Santa
Santa Ana
Santa Barbara
Santa Clara
Santa Clarita
Santa Coloma
Santa Cruz
Santa Eulalia
Santa Margherita
Santa Margherita Ligure
Santa Marinella
Santa Marta
Santa Monica
Santa Paula
Santa Pola
Santa Ponsa
Santa Rita
Santa Rosa
Santa Rosalia
Santarem
Santee
Santiago
Santiago de Compostela
Santillana
Santo Amaro
Santo Domingo
Santon
Santona
Sanya
Sao Luis
Sao Paolo
Sao Paulo
Sao Paulo Brazil
Sao Tome
Sapa
Sapporo
Saragossa
Sarajevo
Saranac Lake
Sarasota
Saratoga Springs
Sarlat
Sarnano
Sasebo
Saskatoon
Sasolburg
Satu Mare
Saugatuck
Saugus
Saukville
Savannah
Savannakhet
Saxonburg
Sayreville
Sayville
Scarborough
Schaffhausen
Schaumburg
Schenectady
Schererville
Schertz
Scheveningen
Schladming
Schmallenberg
Schofield Barracks
Schwabach
Schwarzenburg
Schwerin
Sciacca
Scottsbluff
Scottsburg
Scottsdale
Scottsville
Scranton
Scranton/Wilkes-Barre
Scunthorpe
Sderot
Seacombe Gardens
Seaford
Seagoville
Searcy
Seaside
Seattle
Sebastopol
Secaucus
Sedalia
Sedona
Seffner
Seguin
Seinajoki
Selbyville
Sellersburg
Selma
Semarang
Seminole
Semporna
Senatobia
Sendai
Senigallia
Senlis
Seoul
Sequim
Setubal
Sevastopol
Sevenoaks
Severna Park
Sevierville
Sevilla
Seville
Seward
Sfax
Shah Alam
Shanghai
Shanklin
Shanksville
Shantou
Shanwei
Shaoguan
Shaoxing
Sharm
Sharm el Sheik
Sharm El Sheikh
Sharm El-Sheik
Sharm El-sheikh
Sharm-El-Sheik
Sharm-el-sheikh
Sharon
Sharonville
Sharpsburg
Shawnee
Shawnee Mission
Sheerness
Sheffield
Shefford
Shelbyville
Shenyang
Shenzen
Shenzhen
Shepherdstown
Shepherdsville
Shepparton
Shepperton
Shepton Mallet
Sherborne
Sheringham
Sherman Oaks
Sherwood
Shiga
Shijiazhuang
Shimla
Shinjuku
Shippensburg
Shiprock
Shizuoka
Shoreview
Short Hills
Show Low
Shreveport
Shrewsbury
Sialkot
Sibiu
Sidi Bou Said
Sidmouth
Siegburg
Siem Reap
Siena
Sierra Vista
Signal Hill
Sikeston
Silkeborg
Silver City
Silver Springs
Silverado
Silverthorne
Silverton
Silves
Simcoe
Simferopol
Simi Valley
Simpsonville
Simsbury
SINEs
Singen
Singleton
Sint Niklaas
Siofok
SIon
Sioux City
Sioux Falls
Siracusa
Sirsa
Sitges
Sittwe
Skaneateles
Skardu
Skegness
Skien
Skipton
Skive
Skopje
Skowhegan
Skradin
Skullyville
Slave Lake
Sleaford
Slidell
Sliema
Sliven
Sloatsburg
Smethwick
Smith Falls
Smithers
Smithfield
Smithville
Smolyan
Smyrna
Sneek
Snellville
Snohomish
Snow Hill
Soest
Sofia
Soissons
Solihull
Soller
Somers Point
Somerset West
Somersworth
Somerton
Somerton Park
Somerville
Sondrio
Sonora
Sopot
Sopron
Sorrento
South Bend
South Berwick
South Brighton
South Burlington
South Charleston
South Houston
South Orange
South Pittsburg
South Portland
South Shields
Southampton
Southbridge
Southern Pines
Southfield
Southport
Soweto
Sozopol
Spartanburg
Speyer
Spicewood
Spillville
Split
Splitsville
Spokane
Spokane Valley
Spoleto
Springdale
Springerville
Springfield
Springton
Springville
Srinagar
St albans
St Anton
St Asaph
St Davids
St Denis
St Etienne
St Gallen
St Helens
St Ives
St Johns Wood
St Kitts
St Louis
St Malo
St Moritz
St Peterburg
St Petersburg
St Poelten
St Vincent
st. Louis
St. Petersburg
Stafford
Stalingrad
Stamford
Starkville
Starnberg
Stavanger
Stavropol
Stawell
Stayton
Steamboat Springs
Steinbach
Steinkjer
Stepney
Sterling Heights
Stettin
Steubenville
Stevens Point
Stevensville
Steveston
Steyr
Steytlerville
Stickville
St-Louis
Stockbridge
Stockholm
Stockport
Stockton
Stockton on Tees
Stockton-on-tees
Stolberg
Ston
Stonehaven
Storrs
Stortford
Storyville
Stoughton
Stow
Stowmarket
St-Petersburg
Strahan
Stralsund
Strasbourg
Strasburg
Strassbourg
Strassburg
STRATFORD upon AVON
Stratford-upon Avon
Stratford-upon-avon
Stratham
Strausberg
Streamwood
Streetsville
Stresa
Strongsville
Stroudsburg
Sturbridge
Sturgeon Bay
Stuttgart
Subiaco
Sudbury
Suffield
Sultanahmet
Summersville
Summerville
Sumterville
Sun City
Sun City West
Sun Prairie
Sun Valley
Sunbury
Sunnyvale
Sunrise Manor
Sunriver
Sunshine Coast
Surat Thani
Surfside
Surprise
Surrey Downs
Sutton Coldfield
Suwon
Suzdal
Suzhou
Svendborg
Svolvaer
Swadlincote
Swampscott
Swanage
Swansea
Swanton
Swellendam
Swift current
Swindon
Sydney
Sykesville
Sylacauga
Syrian Border
Szczecin
Szeged
Szekesfehervar
Szentendre
Szombathely
Taastrup
Taba
Tabriz
Tacloban
Tacna
Tacoma
Tadcaster
Tagaytay
Taif
Tain
Taipei
Taiping
Taiz
Takoma Park
Tal Afar
Talladega
Tallahassee
Tallin
Tallinn
Tampere
Tampico
Tangier
Tangiers
Taormina
Taos
Tarbes
Tarboro
Taroudant
Tarragona
Tarsus
Tartous
Tartu
Tarzana
Tashkent
Taunggyi
Taunton
Taupo
Tavernier
Tavistock
Taxco
Tbilisi
Te Anau
Teaneck
Teddington
Tehachapi
Tehran
TEL Aviv
Tel Aviv-jaffa
Tela
Tel-Aviv
Telc
Telford
Telluride
Temecula
Tempe
Temple Hills
Tenby
Tenochtitlan
Teresina
Terneuzen
Terra Haute
Terre Haute
Tetouan
Texarkana
Thane
The Hague
Thermopolis
Thessalonica
Thessaloniki
Thetford
Thibodaux
Thimphu
Thimpu
Thionville
Thiruvananthapuram
Thomasville
Thompson Falls
Thornton
Thousand Oaks
THule
Thun
Thurles
Thurso
Tianjin
Tiberias
Tiburon
Tientsin
Tiflis
Tigard
Tijuana
Tikrit
Tilburg
Timbuktu
Timisoara
Timmins
Timonium
Tinley Park
Tinton Falls
Tipton
Tiptonville
Tirana
Tirunelveli
Titusville
Tiverton
Tlaquepaque
Tlemcen
Tobermory
Tochigi
Toddington
Todi
Tokyo
Toledo
Tomar
Tombstone
Tonbridge
Tooele
Toowoomba
Topeka
Toppenish
Torino
Toronto
Torquay
Torrance
Torrington
Totnes
Toulouse
Tournai
Townsville
Trabuco Canyon
Tramore
Trani
Trapani
Traverse city
Trebon
Treichville
Trencin
Trenton
Trier
Trieste
Trincomalee
Tring
Tripoli
Trogir
Trollhattan
Tromso
Trondheim
Troutville
Trouville
Trowbridge
Troy
Troyes
Truro
Trussville
Tryavna
Tsumeb
Tualatin
Tubingen
Tucker
Tuckerton
Tucson
Tucuman
Tucumcari
Tuebingen
Tulsa
Tulum
Tumaco
Tumby Bay
Tunbridge Wells
Tunica
Tunis
Tupelo
Turangi
Turbeville
Turin
Turku
Turlock
Turnersville
Turnhout
Turpan
Tuscaloosa
Tustin
Tuxtla Gutierrez
Tver
Twin Bridges
Twin cities
Twin Falls
Twin-cities
Two Rivers
Tyler
Tyneside
Tyre
Tyumen
Tzaneen
Uckfield
Udaipur
Udine
Udon Thani
Ufa
Ulaanbaatar
Ulan Bator
Ulan Ude
Ulan-Bator
Ulan-Ude
Ulm
Ulsan
Ulverston
Umag
Umhlanga Rocks
Umm Qasr
Union city
Upington
Upland
Upper Arlington
Upper Darby
Upper Marlboro
Uppsala
Ur
Urbana
Urbino
Urfa
Urgench
Urgup
Uruk
Urumqi
Ushuaia
Utica
Utrecht
Uttoxeter
Uxmal
Uzes
Vacaville
Vail
Valdosta
Valencia
Valenciennes
Valenton
Valladolid
Vallejo
Valletta
Valley Stream
Valparaiso
Van Buren
Van Nuys
Van Wert
Van Wyck
Vancouver
Vandalia
Vandenberg
Vanersborg
Vannes
Varadero
Varanasi
Varenna
Varkaus
Vasto
Vaudeville
Veendam
Vegas
Vejle
Vence
Venice
Venice Beach
Venlo
Ventnor
Vera Cruz
Verbier
Vercelli
Verdun
Vergennes
Vernal
Vernon Hills
Vero Beach
VEROna
Vestal
Vestavia Hills
Vestmannaeyjar
Vevey
Viana
Viareggio
Vicenza
Vichy
Vicksburg
Victoria
Victoria Falls
Victorville
Vidin
Vienna
Vientiane
Vieux Fort
Vigan
Vigo
Vijayawada
Vila Real
Vilanova
Villa
Vilna
Vilnius
Vina del Mar
Vincennes
Vineville
Vineyard Haven
Vinita
Vinton
Visakhapatnam
Vishakhapatnam
Visoko
Vista
Vitebsk
Viterbo
Vizag
Vlaardingen
Vladikavkaz
Vladivostok
Vlissingen
Volendam
Volterra
Voorburg
Voorhees
Vordingborg
Voronezh
Vredenburg
Vter
Vung Tau
Vyborg
Waco
Wadebridge
Wahiawa
Wahpeton
Waianae
Wailuku
Waimanalo
Waimea
Waipahu
Waitsfield
Walheim
Walla Walla
Wallsend
Walnut Grove
Walpole
Walsall
Walsenburg
Waltham
Waltham Cross
Wanaka
Wansbeck
Wapakoneta
Warangal
Warburg
Wareham
Warm Springs
Warminster
Warner Robins
Warner-Robins
Warrensburg
Warrensville Heights
Warrenville
Warri
Warrington
Warrnambool
Warsaw
Warszawa
Washington D.c.
Washington Dc
Washington DC.
Washington-DC
Washoe Valley
Wasilla
Waterbury
Waterford
Watertown
Waterville
Watford
Watkinsville
Watsonville
Waukegan
Waukesha
Waupaca
Wausau
Wauwatosa
Wavre
Wawa
Waxahachie
Waynesburg
Weare
Weatherford
Weert
Weeze
Weifang
Weihai
Weimar
Weinheim
Weirton
Weissenburg
Wellsburg
Wellston
Wellton
Wels
Welshpool
Wendell
Wengen
Wentzville
Wenzhou
Werne
Wernigerode
Werrington
Wesel
Weslaco
Wesley Chapel
West Bend
West Berlin
West Chester
West Chicago
West Covina
West Des Moines
West Drayton
West Fargo
West Glacier
West Hartford
West Haven
West Helena
West Hollywood
West Lafayette
West Lebanon
West Linn
West London
West Mifflin
West Milford
West Monroe
West New York
West Newton
West Orange
West Plains
West Roxbury
West Sacramento
West Salem
West Springfield
West Valley
West Yellowstone
West-Berlin
Westboro
Westborough
Westbury
Westcliff
Westerham
Westerville
Westfield
Westlake
Westley
Westmere
Westmont
Westmount
Weston
Weston Super Mare
Weston-super-mare
Westport
Westville
Westwego
Westwood
Wetherby
Wethersfield
Wettingen
Wetumpka
Wevelgem
Weymouth
Whakatane
Whangarei
Whatcom
Wheat Ridge
Wheaton
wHISTLER
Whitby
Whitchurch
White Hall
White Pigeon
White Plains
White River Junction
Whitehaven
WhiteHorse
Whitesboro
Whitesburg
Whitesville
Whitianga
Whiting
Whitley Bay
Whitstable
Whittington
Whoville
WIchita
Wichita Falls
Wick
Wickenburg
Wickford
Widnes
Wiener Neudorf
Wiener Neustadt
Wiesbaden
Wigton
Wildwood
Wilkes Barre
Wilkes Barre-Scranton
Wilkes-Barre
Wilkes-Barre/Scranton
Wilkesboro
Wilkinsburg
Willcox
Willemstad
Willenhall
Willesden
Willeton
WIlliamsburg
Williamson
Williamsport
Williamston
Willingen
Williston
Willits
Willow Grove
Willunga
Wilmer
Wilmette
Wilmington
Wilmot
Wilmslow
Wilsonville
Wimberley
Wincanton
Winchester
Windhoek
Wingham
Winnetka
Winnfield
Winnipeg
Winnsboro
Winston
Winston Salem
Winston-Salem
Winterberg
Winters
Winton
Wisbech
Wiscasset
Wisconsin Dells
Witbank
Witney
Wittenberg
Woking
Wolfeboro
Wolfville
Wolverhampton
Wood Dale
Woodburn
Woodcroft
Woodinville
Woodland Hills
Woodlands
Woodlesford
Woodmere
Woodridge
Woodsboro
Woodstock
Woodville
Woolston
Woonsocket
Worcester
Worksop
Worthing
Worthington
Wrexham
Wroclaw
Wrzburg
Wuchang
Wuerzburg
Wuhan
Wuhu
Wurtsboro
Wuxi
Wyandotte
Wynberg
Xanten
Xi An
Xiamen
Xian
Xi'An
Xining
Yachats
Yadkinville
Yakutat
Yakutsk
Yalta
Yamagata
Yamba
Yanceyville
Yangjiang
Yangon
Yangshuo
Yangzhou
Yantai
Yardley
Yarmouth
Yaroslavl
Yarraville
Yate
Yavne
Yellow Springs
Yellowknife
Yellville
Yeovil
Yeoville
Yerington
Yinchuan
Yiwu
Yogyakarta
YokoHama
Yonkers
York Harbor
Yorkton
Yorktown
Yorkville
Youngstown
Youngsville
Yountville
Ypres
Ypsilanti
Yucaipa
Yucca Valley
Yulin
Yuma
Zadar
Zagreb
Zakopane
Zanesville
Zaragoza
Zeebrugge
Zeist
Zephyrhills
Zermatt
Zhangye
Zhenjiang
Zhoushan
Zhuhai
Zierikzee
Zigong
Ziguinchor
Zlin
Zoetermeer
Zunyi
Zurich
Zutphen
Zwolle
Salt Lake City
Gaza