Ad Dali
ADamaoua
Adan
Adelie Land
Afyonkarahisar
Agnibilekrou
AGUSAN DEL SUR
Ajdabiya
Akwa Ibom
Al Iskandariyah
Al Karak
Al Khums
Al Ladhiqiyah
Al Qasim
AlaBAMA
Alagoas
aLaska
Albay
al-Bayda
alberta
Aliff
Alpes-Maritimes
Amazonas
Amnat Charoen
Amparai
Anambra
Andaman islands
Andhra Pradesh
Andhrapradesh
Andra Pradesh
Apac
Appenzell Innerrhoden
Apurimac
Ar Raqqah
AriZONA
Arizona Territory
ARKANSAS
arunachal
Arunachal Pradesh
Arunchal Pradesh
ASSAM
Assa-Zag
ASTURIAS
Atafu
Attiki
Atua
AUVERGNE
BAC GIANG
Bac Kan
Bacs-Kiskun
Badajoz
Bagmati
Bahr Al-Ghazal
BAJA CALIFORNIA
Baja California Norte
Baja California Sur
Baleares
Bangka Belitung
Banteay Mean Chey
Basel-Stadt
Basilan
Bas-Rhin
Batanes
Batken
bekes
Bel Ombre
Ben Tre
Beoumi
BERGAMO
Biankouma
Bihar
Bihar Patna
Binh Phuoc
Binh Thuan
Birobijan
BISHKEK
BISSAU
Bistrita Nasaud
Boke
Bomi
Bordj Bou Arreridj
Botosani
Bouafle
british columbia
british-columbia
BUCURESTI
Budva
BURGAS
Byumba
Calarasi
Caldas department
CALIFORNIA
Cantemir
Caras Severin
Caras-Severin
Catano
Centar
Chahar Mahal
CHANDIGARH
Chaouen
Charente-Maritime
Chattisgarh
CHENNAI
chhatisgarh
CHHATTISGARH
Chitipa
Cholla
Chuadanga
Chuquisaca
chuy
COCHIN
Colorado
CONNECTICUT
Conneticut
Coxs Bazar
Cuu Long
D.C.
Dabou
Dac Lac
Dak Nong
Danane
Daykondi
Dayr az Zawr
Dayr AZ-Zawr
DELAWARE
Demir Kapija
Denguele
DeVoll
Dien Bien
Dinguiraye
DISTRICT OF COLUMBIA
Distrito Capital
Distrito Nacional
Diyala Province
DKI Jakarta
Dobrovnik
Dowa
Durango
El Seibo
Elias Pina
Enewetak
Eure
Evvoia
Extreme-Nord
Federal Capital Territory
Fejer
Ferkessedougou
Figuig
Flevoland
Flordia
FLorida
Francisco Morazan
Fria
gabu
GEORGIA
glacis
goa
Gopalganj
Gorno-Badakhshan
Gotlands
Gourma
Grand Anse
grand port
Grande Anse
GRAND-LAHOU
Gros Islet
GROS-ISLET
GUJARAT
gujurat
GURGAON
HA TINH
Habiganj
Hai Hung
HARYANA
Haute Savoie
Haute-Garonne
Hautes-Alpes
Haute-Vienne
Haut-Ogooue
Haut-Rhin
Hauts-de-Seine
HAWAII
Hermanas Mirabal
HIDALGO
Hiiumaa
HIMACHAL PRADESH
Hoang Lien Son
Hodh El Gharbi
Hordaland
houe
Hung Yen
IDAHO
Iles Sous-le-Vent
Ilinois
illinois
Illnois
INDIANA
Intibuca
Inverclyde
iowa
Irian Jaya Barat
ISLAMABAD
Islamabad Capital Territory
Jabat
Jaluit
Jammu Kashmir
Jammu-Kashmir
Jawa Tengah
Jharkand
JHARKHAND
Juana Diaz
Jutiapa
Kabarole
Kaernten
Kalimantan Barat
Kalimantan Selatan
Kalimantan Timur
Kampong Speu
Kamwenge
Kansas
Karan state
Karnataka
karpos
Kasai Occidental
Kasai-Oriental
Kashmir
Kasserine
kemo
KENTUCKY
Kepulauan Riau
KERALA
Khulna division
Kien Giang
Kobenhavn
KOMEN
Kosel
Krym
Kurdufan
Kurigram
Kutahya
Kuzma
Kwai Tsing
Kyklades
LA PAZ
La Spezia
lakshadweep
Lalmonirhat
L'AQUILA
Leicestershire
Lezhe
Limburg
Loire-Atlantique
Loiret
Loir-et-Cher
Lombardia
Long An
LOUISIANA
Lubuskie
Lunda Norte
Lunda Sul
Madhya
Madhya Pradesh
Madhyapradesh
Madya Pradesh
Magdalena department
MAHARASHTRA
Maharastra
Mahrashtra
Maine
Makedonska Kamenica
MAluku province
Maluku Utara
manche
Manikganj
MANIPUR
Manitoba
Mariana Islands
MARIBOR
Mariental
Maryland
Massa Carrara
Massa-Carrara
Massachesettes
Massachesetts
Massachuetts
MASSACHUSETTS
MASSACHUSSETS
Massachussetts
Mauren
Mazowieckie
Mchinji
Medimurje
MEGHALAYA
Mehedinti
Mejit
MELAKA
Michigan
Michigan Michigan
Michoac
mINnesota
missouri
MIZORAM
Monsenor Nouel
monTana
Moskva
Mubende
Murska Sobota
Nagaland
Nakapiripirit
NAKASONGOLA
Nam Ha
nator
Nayagarh
nAyala
NCT of Delhi
Nebraska
NEVADA
New Brunswick
new hampshire
NEW JERSEY
new mexico
NEW SOUTH WALES
NEW YORK
New York state
New-Hampshire
NEW-JERSEY
NewMexico
NEW-YORK
Ngamiland
Nghe An
Ngozi
Nidwalden
Niedersachsen
Ninh Thuan
niutao
Nordjylland
Nordland
Nordrhein-Westfalen
Norrbotten
North Dakota
NorthDakota
North-Dakota
Northland
Nova scotia
Nusa Tenggara Barat
Nusa Tenggara Timur
Obwalden
OGRES
OHio
OKlahoma
Omaruru
ONTARIO
ORegon
ORISSA
Orissa Bhubaneswar
Ostergotland
Osun
Oueme
Oume
Pais Vasco
PANJAB
Pas De Calais
pas-de-calais
Passore
PENNSYLVANIA
PENUELAS
permet
Phalombe
PHETCHABUN
Phnum Penh
Phu Tho
Phu Yen
Piaui
playing
POland
PONDICHERRY
Preah Vihear
Prevalje
PUKE
Pulau Pinang
PUNJAB
Pwani
Quintana Roo
Rajasthan
Rajsthan
Ravne na Koroskem
Rayong
Resen
Rheinland Pfalz
Rheinland-Pfalz
Rhode Island
RhodeIsland
Rhode-island
Rhondda Cynon Taff
Rivercess
Rogaland
RUGGELL
Ruhengeri
Rukwa
rural Illinois
S o Paulo
Sacatepequez
Sachsen-Anhalt
Salah ad Din
Salamanca
Salima
Samdrup
SAn Diego
Sanchez Ramirez
San-Diego
Saraburi
Saraj
Sarangani
sarawak
SASKATCHEWAN
Savanes
SCHOOLS
seenu
Seine Maritime
Seine-et-Marne
Seine-Saint-Denis
SEMBABULE
Sembilan
Semnan Province
SEPERATED
Shaanxi Province
Sham Shui Po
SHefa
Shimane
Shiselweni
Si Sa Ket
Sieradz
Siguiri
Sikkim
Sillamae
Sinaloa
Sirajganj
Skierniewice
Sligo
Sogn og Fjordane
SOOL
Sor-Trondelag
soum
south carolina
south dakota
SouthCarolina
SOUTH-CAROLINA
SouthDakota
Srem
Styria
Sulawesi Selatan
Sulawesi Tengah
Sulawesi Tenggara
Sulawesi Utara
Sumatera Barat
Sumatera Selatan
Sumatera Utara
Sumatra Barat
Sunamganj
Surigao Del Sur
susah
Swietokrzyskie
Sylhet Division
TAKHAR
Talas
Tamil Nadu
TAMILNADU
Tangail
TASMANIA
Tawi Tawi
Tawi-tawi
TEBESSA
tenessee
Tennesee
TENNESSEE
texas
Thai Nguyen
Thuringia
Tiebissou
TIERRA DEL FUEGO
Tillaberi
Tokushima
Toscana
tougue
Trengganu
Trentino-Alto Adige
Tripura
Tropoje
Trujillo
Trujillo Alto
Tubruq
Tuvalu
Tuyen Quang
UCAR
Umm Said
Umm Salal
upper River
URUGUAY
UTTAR PRADESH
Uttarakand
UTTARAKHAND
uttaranchal
Uttarkhand
Uttar-Pradesh
Utter Pradesh
Uttrakhand
Valle d'Aosta
Vanderbilt
Vardak
Vastra Gotaland
VERMONT
VIEQUES
Virginia
WASHINGTON
Washington D.C
WELLINGTON
West virginia
WestVirginia
West-Virginia
Wilayah Persekutuan
WISCONSIN
Wong Tai Sin
wyoming
Xaisomboun
Xekong
Xinjiang Uygur
xizi
Yamal-Nenets
Yamalo-Nenets
Yen Bai
Yerevan
Ysyk-kol
Yukon territory
Yunnan Province
Yvelines
Zlitan
New York State
New York
West Virginia
Georgia
Nova Scotia
Sichuan